Date,Platform,Content Type,Topic,Description,Hashtags,Status,Notes
2026-08-01,Instagram,Reel,Behind the Scenes,Quick BTS of setup process,#bts #smallbusiness,Planned,
2026-08-01,Twitter,Thread,Industry Tips,5 tips thread on growing audience,#tips #growth,Planned,
2026-08-02,LinkedIn,Article,Thought Leadership,Why our industry is changing,#leadership #innovation,Draft,
2026-08-02,TikTok,Trend,Use trending sound,Branded version of viral trend,#trending #fyp,Planned,
2026-08-03,Instagram,Carousel,How-To,Step by step guide with 10 slides,#tutorial #howto,Draft,
2026-08-03,Facebook,Video,Product Demo,Short demo showing key feature,#product #demo,Planned,
2026-08-04,Twitter,Poll,Engagement,Ask audience preference,#poll #engagement,Idea,
2026-08-04,TikTok,Educational,Quick tip,15 second useful industry tip,#tip #learn,Planned,
2026-08-05,Instagram,Story,Day in Life,Documenting a work day,#dayinthelife #work,Planned,
2026-08-05,LinkedIn,Text Post,Milestone,Celebrate 1000 followers,#milestone #grateful,Draft,
2026-08-06,YouTube,Long Form,Tutorial,In-depth tutorial on key topic,#tutorial #guide,Planned,
2026-08-06,Instagram,Static Image,Quote Card,Motivational quote with branded bg,#motivation #quote,Idea,
2026-08-07,All Platforms,Cross-promotion,Newsletter Teaser,Tease upcoming newsletter content,#newsletter #comingsoon,Planned,
2026-08-07,TikTok,Challenge,Industry Challenge,Fun challenge related to niche,#challenge #fun,Planned,